customer_id,snapshot_date,tenure_months,spend_last_30d,leaky_col,churned
c0000,2023-01-01,51,134.89,1,1
c0001,2023-01-01,5,406.64,0,0
c0002,2023-01-01,30,364.75,1,0
c0003,2023-01-01,34,407.93,1,1
c0004,2023-01-01,24,16.79,1,0
c0005,2023-01-01,50,431.59,0,0
c0006,2023-01-01,5,211.34,0,1
c0007,2023-01-01,1,335.31,0,0
c0008,2023-01-01,16,191.84,1,0
c0009,2023-01-01,48,342.77,1,0
c0010,2023-01-01,50,194.46,1,1
c0011,2023-01-01,35,262.68,1,0
c0012,2023-01-01,25,444.74,0,0
c0013,2023-01-01,32,285.76,0,0
c0014,2023-01-01,43,168.96,1,0
c0015,2023-01-01,20,113.58,1,0
c0016,2023-01-01,3,416.32,0,0
c0017,2023-01-01,19,438.24,0,1
c0018,2023-01-01,40,75.14,0,0
c0019,2023-01-01,53,115.32,1,1
c0020,2023-01-01,34,99.26,0,1
c0021,2023-01-01,37,149.35,1,0
c0022,2023-01-01,53,471.06,0,0
c0023,2023-01-01,38,314.55,0,0
c0024,2023-01-01,25,477.3,0,0
c0025,2023-01-01,3,310.11,0,0
c0026,2023-01-01,36,230.02,1,0
c0027,2023-01-01,25,264.66,0,0
c0028,2023-01-01,5,367.24,0,0
c0029,2023-01-01,55,57.47,1,0
c0030,2023-01-01,58,483.96,1,1
c0031,2023-01-01,8,490.6,1,0
c0032,2023-01-01,22,486.31,0,0
c0033,2023-01-01,23,239.99,1,0
c0034,2023-01-01,53,461.77,1,0
c0035,2023-01-01,26,221.38,1,0
c0036,2023-01-01,41,366.0,0,0
c0037,2023-01-01,30,359.61,0,1
c0038,2023-01-01,6,256.38,1,0
c0039,2023-01-01,16,420.66,0,1
c0040,2023-01-01,39,215.15,0,0
c0041,2023-01-01,9,129.43,1,0
c0042,2023-01-01,13,112.93,1,1
c0043,2023-01-01,46,293.06,0,0
c0044,2023-01-01,46,280.24,1,0
c0045,2023-01-01,27,409.06,0,0
c0046,2023-01-01,42,184.7,1,0
c0047,2023-01-01,14,424.15,1,1
c0048,2023-01-01,49,454.98,0,1
c0049,2023-01-01,36,207.69,1,0
c0050,2023-01-01,7,182.52,0,1
c0051,2023-01-01,16,136.92,1,0
c0052,2023-01-01,38,63.41,1,0
c0053,2023-01-01,25,190.39,0,0
c0054,2023-01-01,19,488.23,0,0
c0055,2023-01-01,1,134.92,0,0
c0056,2023-01-01,38,255.35,1,0
c0057,2023-01-01,34,157.97,1,1
c0058,2023-01-01,17,406.17,1,0
c0059,2023-01-01,32,462.86,1,0
c0060,2023-01-01,38,123.57,1,1
c0061,2023-01-01,7,357.31,1,1
c0062,2023-01-01,41,455.13,0,0
c0063,2023-01-01,42,97.06,1,0
c0064,2023-01-01,45,44.47,1,0
c0065,2023-01-01,3,3.2,1,0
c0066,2023-01-01,44,294.94,1,0
c0067,2023-01-01,48,336.26,0,1
c0068,2023-01-01,39,301.12,1,0
c0069,2023-01-01,6,249.99,0,0
c0070,2023-01-01,19,194.03,0,1
c0071,2023-01-01,42,43.88,1,0
c0072,2023-01-01,58,236.15,1,0
c0073,2023-01-01,8,457.66,1,1
c0074,2023-01-01,36,35.16,0,0
c0075,2023-01-01,40,248.29,1,1
c0076,2023-01-01,16,159.01,1,0
c0077,2023-01-01,2,253.73,0,0
c0078,2023-01-01,14,289.38,0,1
c0079,2023-01-01,44,244.42,1,0
c0080,2023-01-01,30,481.51,0,0
c0081,2023-01-01,39,406.77,0,0
c0082,2023-01-01,46,456.85,1,1
c0083,2023-01-01,33,190.91,1,0
c0084,2023-01-01,42,390.6,1,0
c0085,2023-01-01,1,438.76,0,1
c0086,2023-01-01,49,394.58,1,0
c0087,2023-01-01,41,398.32,0,0
c0088,2023-01-01,25,208.72,0,0
c0089,2023-01-01,35,203.47,0,1
c0090,2023-01-01,26,425.94,1,1
c0091,2023-01-01,24,410.55,1,0
c0092,2023-01-01,3,212.05,1,0
c0093,2023-01-01,39,251.84,1,0
c0094,2023-01-01,31,238.07,1,0
c0095,2023-01-01,9,146.96,1,0
c0096,2023-01-01,35,46.92,1,0
c0097,2023-01-01,55,238.08,0,0
c0098,2023-01-01,39,293.15,0,1
c0099,2023-01-01,17,342.03,1,0
c0100,2023-01-01,35,291.66,1,1
c0101,2023-01-01,8,284.51,1,0
c0102,2023-01-01,47,406.62,1,0
c0103,2023-01-01,17,85.51,0,0
c0104,2023-01-01,43,219.61,1,0
c0105,2023-01-01,46,363.06,0,0
c0106,2023-01-01,58,431.47,0,0
c0107,2023-01-01,20,449.41,0,1
c0108,2023-01-01,11,163.99,1,1
c0109,2023-01-01,59,181.41,1,0
c0110,2023-01-01,37,99.65,1,0
c0111,2023-01-01,33,81.68,0,0
c0112,2023-01-01,12,278.42,1,0
c0113,2023-01-01,47,6.07,1,0
c0114,2023-01-01,25,323.02,1,0
c0115,2023-01-01,18,123.2,0,0
c0116,2023-01-01,36,496.01,0,0
c0117,2023-01-01,5,294.98,0,0
c0118,2023-01-01,54,156.3,0,0
c0119,2023-01-01,25,170.87,1,0
c0120,2023-01-01,50,292.49,1,0
c0121,2023-01-01,54,36.33,0,1
c0122,2023-01-01,11,95.56,1,0
c0123,2023-01-01,59,226.04,0,0
c0124,2023-01-01,50,374.38,0,0
c0125,2023-01-01,7,41.4,1,0
c0126,2023-01-01,39,213.36,1,1
c0127,2023-01-01,20,472.51,0,1
c0128,2023-01-01,25,411.07,1,0
c0129,2023-01-01,3,412.0,0,0
c0130,2023-01-01,33,378.8,1,0
c0131,2023-01-01,24,411.4,1,1
c0132,2023-01-01,33,43.34,1,0
c0133,2023-01-01,57,101.08,0,0
c0134,2023-01-01,59,2.45,0,0
c0135,2023-01-01,32,132.35,1,0
c0136,2023-01-01,30,293.19,0,0
c0137,2023-01-01,37,490.25,1,0
c0138,2023-01-01,40,418.52,1,0
c0139,2023-01-01,7,315.75,1,0
c0140,2023-01-01,6,113.25,1,0
c0141,2023-01-01,12,288.6,0,0
c0142,2023-01-01,2,380.24,1,1
c0143,2023-01-01,18,206.98,1,0
c0144,2023-01-01,44,292.74,1,0
c0145,2023-01-01,47,231.43,1,0
c0146,2023-01-01,28,347.65,0,0
c0147,2023-01-01,11,485.92,0,0
c0148,2023-01-01,18,420.59,1,0
c0149,2023-01-01,47,129.14,0,1
c0000,2023-01-31,27,422.06,1,0
c0001,2023-01-31,16,287.86,0,0
c0002,2023-01-31,4,193.84,1,1
c0003,2023-01-31,38,447.36,1,1
c0004,2023-01-31,44,318.14,0,0
c0005,2023-01-31,11,95.79,1,1
c0006,2023-01-31,58,407.76,1,0
c0007,2023-01-31,20,275.52,0,1
c0008,2023-01-31,27,386.63,0,0
c0009,2023-01-31,48,147.04,0,0
c0010,2023-01-31,43,288.45,0,0
c0011,2023-01-31,48,318.71,0,0
c0012,2023-01-31,36,193.65,1,0
c0013,2023-01-31,19,170.16,1,0
c0014,2023-01-31,13,306.17,1,0
c0015,2023-01-31,53,282.89,0,0
c0016,2023-01-31,11,421.51,0,1
c0017,2023-01-31,11,470.85,1,0
c0018,2023-01-31,33,241.5,0,1
c0019,2023-01-31,55,448.85,1,0
c0020,2023-01-31,3,257.58,1,0
c0021,2023-01-31,13,124.28,1,0
c0022,2023-01-31,40,386.78,0,0
c0023,2023-01-31,39,147.96,0,0
c0024,2023-01-31,11,6.87,0,0
c0025,2023-01-31,15,307.08,1,0
c0026,2023-01-31,37,242.26,1,0
c0027,2023-01-31,54,415.32,1,0
c0028,2023-01-31,47,99.65,0,0
c0029,2023-01-31,27,97.3,1,0
c0030,2023-01-31,3,158.0,1,0
c0031,2023-01-31,22,361.19,1,1
c0032,2023-01-31,8,365.35,0,0
c0033,2023-01-31,59,223.93,1,0
c0034,2023-01-31,17,115.69,0,0
c0035,2023-01-31,32,431.14,0,0
c0036,2023-01-31,33,284.09,1,0
c0037,2023-01-31,38,84.99,1,1
c0038,2023-01-31,56,38.22,0,0
c0039,2023-01-31,34,403.58,0,1
c0040,2023-01-31,27,236.6,0,0
c0041,2023-01-31,16,111.4,0,0
c0042,2023-01-31,26,208.59,1,0
c0043,2023-01-31,21,332.07,1,0
c0044,2023-01-31,16,290.95,0,0
c0045,2023-01-31,19,294.27,1,1
c0046,2023-01-31,30,161.53,0,0
c0047,2023-01-31,51,447.74,0,0
c0048,2023-01-31,18,242.56,1,0
c0049,2023-01-31,16,444.93,0,0
c0050,2023-01-31,37,360.58,0,0
c0051,2023-01-31,8,343.71,1,0
c0052,2023-01-31,23,334.6,0,1
c0053,2023-01-31,25,210.44,0,0
c0054,2023-01-31,56,213.48,0,0
c0055,2023-01-31,52,354.25,0,0
c0056,2023-01-31,44,374.45,0,0
c0057,2023-01-31,34,68.38,0,0
c0058,2023-01-31,23,81.97,1,0
c0059,2023-01-31,16,457.56,0,0
c0060,2023-01-31,3,469.01,0,1
c0061,2023-01-31,42,120.95,0,0
c0062,2023-01-31,13,232.19,1,0
c0063,2023-01-31,30,58.55,1,0
c0064,2023-01-31,22,225.52,1,0
c0065,2023-01-31,51,394.77,1,1
c0066,2023-01-31,57,188.35,0,0
c0067,2023-01-31,34,411.23,0,1
c0068,2023-01-31,21,444.52,1,1
c0069,2023-01-31,25,146.38,0,0
c0070,2023-01-31,25,35.7,1,0
c0071,2023-01-31,22,64.94,0,0
c0072,2023-01-31,25,121.79,0,0
c0073,2023-01-31,59,481.13,0,0
c0074,2023-01-31,48,15.27,1,1
c0075,2023-01-31,26,332.97,0,0
c0076,2023-01-31,25,397.68,1,0
c0077,2023-01-31,33,362.7,0,0
c0078,2023-01-31,31,43.72,0,0
c0079,2023-01-31,23,445.18,1,0
c0080,2023-01-31,57,112.83,0,0
c0081,2023-01-31,30,325.1,1,0
c0082,2023-01-31,16,217.72,1,0
c0083,2023-01-31,24,418.6,0,1
c0084,2023-01-31,52,199.24,1,0
c0085,2023-01-31,11,464.76,0,1
c0086,2023-01-31,52,298.67,1,0
c0087,2023-01-31,6,414.95,0,0
c0088,2023-01-31,15,358.3,1,0
c0089,2023-01-31,19,401.12,1,1
c0090,2023-01-31,7,308.12,0,0
c0091,2023-01-31,32,86.91,0,0
c0092,2023-01-31,40,66.4,1,0
c0093,2023-01-31,50,395.01,0,0
c0094,2023-01-31,43,283.05,1,0
c0095,2023-01-31,31,493.84,0,0
c0096,2023-01-31,43,391.04,0,0
c0097,2023-01-31,30,323.01,1,1
c0098,2023-01-31,30,493.52,0,0
c0099,2023-01-31,24,423.98,0,0
c0100,2023-01-31,46,386.31,0,0
c0101,2023-01-31,59,68.33,1,0
c0102,2023-01-31,53,162.94,0,0
c0103,2023-01-31,10,161.23,1,1
c0104,2023-01-31,12,459.59,1,0
c0105,2023-01-31,15,44.85,1,0
c0106,2023-01-31,14,98.43,1,0
c0107,2023-01-31,31,177.88,1,0
c0108,2023-01-31,12,103.51,1,0
c0109,2023-01-31,55,55.87,0,1
c0110,2023-01-31,27,5.95,0,0
c0111,2023-01-31,51,135.32,0,0
c0112,2023-01-31,8,175.91,1,0
c0113,2023-01-31,1,488.12,0,0
c0114,2023-01-31,9,328.99,0,0
c0115,2023-01-31,9,105.69,0,0
c0116,2023-01-31,51,497.65,0,0
c0117,2023-01-31,31,96.96,1,0
c0118,2023-01-31,30,37.69,1,0
c0119,2023-01-31,14,285.22,0,0
c0120,2023-01-31,2,234.83,0,0
c0121,2023-01-31,3,185.5,0,0
c0122,2023-01-31,48,434.6,0,0
c0123,2023-01-31,15,287.77,1,0
c0124,2023-01-31,11,411.81,0,0
c0125,2023-01-31,30,65.04,0,1
c0126,2023-01-31,9,201.7,1,0
c0127,2023-01-31,29,113.17,1,1
c0128,2023-01-31,1,386.49,0,1
c0129,2023-01-31,24,95.63,1,0
c0130,2023-01-31,40,274.54,0,0
c0131,2023-01-31,26,22.86,0,0
c0132,2023-01-31,4,376.32,1,0
c0133,2023-01-31,44,1.91,1,0
c0134,2023-01-31,17,163.33,1,0
c0135,2023-01-31,41,316.06,0,0
c0136,2023-01-31,54,125.68,1,0
c0137,2023-01-31,23,248.47,1,1
c0138,2023-01-31,30,441.19,1,0
c0139,2023-01-31,7,225.69,1,0
c0140,2023-01-31,21,382.08,1,0
c0141,2023-01-31,41,329.13,0,0
c0142,2023-01-31,51,429.92,1,0
c0143,2023-01-31,8,356.49,0,0
c0144,2023-01-31,39,421.21,1,0
c0145,2023-01-31,14,258.45,1,0
c0146,2023-01-31,50,420.96,0,0
c0147,2023-01-31,38,224.49,0,0
c0148,2023-01-31,52,426.65,1,1
c0149,2023-01-31,35,291.25,0,0
c0000,2023-03-02,14,275.3,1,0
c0001,2023-03-02,27,382.16,0,0
c0002,2023-03-02,23,86.89,1,0
c0003,2023-03-02,52,483.44,0,0
c0004,2023-03-02,43,148.08,1,0
c0005,2023-03-02,32,177.36,1,0
c0006,2023-03-02,56,14.14,1,0
c0007,2023-03-02,1,241.27,0,0
c0008,2023-03-02,49,121.05,0,0
c0009,2023-03-02,59,193.87,1,0
c0010,2023-03-02,11,353.05,0,0
c0011,2023-03-02,53,328.22,0,1
c0012,2023-03-02,53,146.91,0,0
c0013,2023-03-02,10,340.38,1,0
c0014,2023-03-02,54,52.94,0,0
c0015,2023-03-02,56,284.19,0,0
c0016,2023-03-02,31,38.47,1,0
c0017,2023-03-02,42,340.69,0,0
c0018,2023-03-02,57,335.85,0,0
c0019,2023-03-02,50,482.11,0,0
c0020,2023-03-02,16,265.65,1,0
c0021,2023-03-02,58,61.38,1,0
c0022,2023-03-02,55,411.83,0,0
c0023,2023-03-02,20,314.54,1,0
c0024,2023-03-02,41,385.89,1,0
c0025,2023-03-02,48,327.68,0,0
c0026,2023-03-02,6,183.65,1,0
c0027,2023-03-02,9,427.59,1,1
c0028,2023-03-02,14,395.06,0,0
c0029,2023-03-02,44,341.63,0,0
c0030,2023-03-02,35,172.42,1,0
c0031,2023-03-02,41,281.33,0,0
c0032,2023-03-02,44,191.66,0,1
c0033,2023-03-02,16,6.5,0,0
c0034,2023-03-02,46,217.96,0,0
c0035,2023-03-02,57,145.63,1,0
c0036,2023-03-02,28,133.2,0,1
c0037,2023-03-02,17,276.37,0,1
c0038,2023-03-02,45,458.36,0,1
c0039,2023-03-02,48,485.34,0,0
c0040,2023-03-02,54,281.6,1,1
c0041,2023-03-02,49,209.01,1,0
c0042,2023-03-02,50,56.61,0,0
c0043,2023-03-02,1,259.34,1,0
c0044,2023-03-02,31,252.1,1,0
c0045,2023-03-02,38,153.42,0,0
c0046,2023-03-02,27,220.56,1,1
c0047,2023-03-02,11,45.33,0,0
c0048,2023-03-02,34,295.36,1,0
c0049,2023-03-02,14,54.89,0,0
c0050,2023-03-02,31,248.58,1,0
c0051,2023-03-02,40,216.66,1,0
c0052,2023-03-02,36,470.97,0,1
c0053,2023-03-02,25,10.09,1,0
c0054,2023-03-02,26,175.05,1,0
c0055,2023-03-02,2,400.1,1,0
c0056,2023-03-02,27,228.55,1,1
c0057,2023-03-02,4,408.12,1,1
c0058,2023-03-02,32,259.48,1,0
c0059,2023-03-02,54,107.73,0,0
c0060,2023-03-02,16,73.85,1,0
c0061,2023-03-02,21,234.14,1,0
c0062,2023-03-02,8,412.32,0,0
c0063,2023-03-02,18,156.1,1,0
c0064,2023-03-02,24,383.92,0,1
c0065,2023-03-02,9,129.63,0,0
c0066,2023-03-02,25,241.76,0,1
c0067,2023-03-02,48,48.0,1,1
c0068,2023-03-02,21,121.96,1,1
c0069,2023-03-02,32,73.25,1,1
c0070,2023-03-02,7,198.59,1,0
c0071,2023-03-02,29,100.48,1,1
c0072,2023-03-02,2,247.29,0,0
c0073,2023-03-02,16,234.62,1,0
c0074,2023-03-02,42,377.45,0,0
c0075,2023-03-02,21,385.8,1,0
c0076,2023-03-02,32,408.97,0,0
c0077,2023-03-02,33,494.23,1,0
c0078,2023-03-02,57,6.68,1,0
c0079,2023-03-02,7,436.25,0,0
c0080,2023-03-02,33,66.63,0,0
c0081,2023-03-02,59,490.83,1,0
c0082,2023-03-02,41,269.62,1,1
c0083,2023-03-02,44,192.0,1,1
c0084,2023-03-02,54,184.98,1,0
c0085,2023-03-02,2,82.49,0,0
c0086,2023-03-02,16,41.11,1,0
c0087,2023-03-02,56,143.39,1,0
c0088,2023-03-02,5,351.48,1,0
c0089,2023-03-02,56,171.04,1,0
c0090,2023-03-02,6,394.88,0,0
c0091,2023-03-02,29,402.3,1,0
c0092,2023-03-02,14,76.67,1,0
c0093,2023-03-02,4,374.09,1,1
c0094,2023-03-02,54,184.52,0,0
c0095,2023-03-02,52,445.0,0,0
c0096,2023-03-02,54,467.88,1,1
c0097,2023-03-02,58,111.11,1,0
c0098,2023-03-02,6,123.12,1,0
c0099,2023-03-02,48,240.04,0,1
c0100,2023-03-02,28,187.06,0,0
c0101,2023-03-02,42,264.83,0,0
c0102,2023-03-02,40,146.77,1,1
c0103,2023-03-02,37,272.97,0,0
c0104,2023-03-02,39,303.64,1,1
c0105,2023-03-02,39,165.45,0,0
c0106,2023-03-02,36,81.73,1,1
c0107,2023-03-02,28,321.35,0,0
c0108,2023-03-02,20,347.55,1,0
c0109,2023-03-02,36,161.89,1,0
c0110,2023-03-02,36,35.85,1,0
c0111,2023-03-02,3,488.03,1,0
c0112,2023-03-02,43,98.24,0,0
c0113,2023-03-02,42,290.79,0,0
c0114,2023-03-02,36,265.73,1,0
c0115,2023-03-02,47,20.31,0,0
c0116,2023-03-02,48,12.73,0,0
c0117,2023-03-02,36,397.22,0,1
c0118,2023-03-02,55,6.62,0,0
c0119,2023-03-02,21,421.44,0,0
c0120,2023-03-02,49,130.37,1,0
c0121,2023-03-02,14,349.32,1,0
c0122,2023-03-02,44,328.75,1,0
c0123,2023-03-02,58,348.62,0,1
c0124,2023-03-02,50,3.62,1,0
c0125,2023-03-02,20,52.76,1,0
c0126,2023-03-02,8,268.0,1,0
c0127,2023-03-02,40,102.95,1,0
c0128,2023-03-02,43,291.85,0,1
c0129,2023-03-02,45,327.07,1,0
c0130,2023-03-02,56,13.59,1,0
c0131,2023-03-02,47,40.52,1,1
c0132,2023-03-02,47,386.99,1,0
c0133,2023-03-02,12,380.11,1,0
c0134,2023-03-02,59,406.56,1,1
c0135,2023-03-02,55,229.29,0,0
c0136,2023-03-02,20,258.43,0,0
c0137,2023-03-02,55,167.09,1,0
c0138,2023-03-02,30,149.83,1,0
c0139,2023-03-02,37,118.79,0,1
c0140,2023-03-02,47,111.35,0,1
c0141,2023-03-02,57,62.46,0,0
c0142,2023-03-02,50,2.2,0,1
c0143,2023-03-02,14,122.57,1,1
c0144,2023-03-02,12,275.82,1,0
c0145,2023-03-02,45,468.49,1,0
c0146,2023-03-02,56,257.09,0,0
c0147,2023-03-02,25,194.34,0,0
c0148,2023-03-02,6,69.2,0,0
c0149,2023-03-02,7,279.58,0,1
c0000,2023-04-01,6,13.87,1,0
c0001,2023-04-01,42,261.91,0,1
c0002,2023-04-01,7,390.24,0,0
c0003,2023-04-01,26,248.07,0,0
c0004,2023-04-01,51,70.11,0,0
c0005,2023-04-01,35,437.09,1,0
c0006,2023-04-01,37,371.48,0,0
c0007,2023-04-01,27,17.89,1,0
c0008,2023-04-01,5,333.29,0,0
c0009,2023-04-01,41,496.71,0,1
c0010,2023-04-01,3,240.34,0,0
c0011,2023-04-01,11,423.64,1,0
c0012,2023-04-01,9,203.16,0,0
c0013,2023-04-01,46,451.44,1,0
c0014,2023-04-01,41,207.84,1,0
c0015,2023-04-01,52,39.38,1,0
c0016,2023-04-01,57,447.25,1,0
c0017,2023-04-01,48,203.15,0,0
c0018,2023-04-01,51,132.78,1,0
c0019,2023-04-01,44,73.34,1,0
c0020,2023-04-01,3,478.15,1,0
c0021,2023-04-01,7,91.41,1,0
c0022,2023-04-01,31,473.64,1,0
c0023,2023-04-01,22,293.45,0,1
c0024,2023-04-01,50,361.11,1,0
c0025,2023-04-01,21,356.2,1,0
c0026,2023-04-01,21,162.17,1,0
c0027,2023-04-01,43,350.45,0,1
c0028,2023-04-01,32,328.03,0,0
c0029,2023-04-01,49,379.92,0,0
c0030,2023-04-01,51,6.07,1,1
c0031,2023-04-01,59,287.7,1,1
c0032,2023-04-01,39,204.52,0,0
c0033,2023-04-01,56,340.4,1,1
c0034,2023-04-01,20,26.49,0,0
c0035,2023-04-01,44,339.24,0,0
c0036,2023-04-01,35,96.77,0,1
c0037,2023-04-01,24,494.84,1,1
c0038,2023-04-01,5,400.85,0,0
c0039,2023-04-01,16,182.36,1,0
c0040,2023-04-01,19,402.19,0,1
c0041,2023-04-01,25,329.7,0,0
c0042,2023-04-01,2,42.48,1,0
c0043,2023-04-01,41,235.37,1,0
c0044,2023-04-01,55,27.73,0,0
c0045,2023-04-01,9,299.32,1,1
c0046,2023-04-01,58,309.22,1,0
c0047,2023-04-01,58,100.67,1,0
c0048,2023-04-01,9,362.68,0,0
c0049,2023-04-01,53,382.51,1,0
c0050,2023-04-01,13,328.17,0,1
c0051,2023-04-01,18,11.58,0,0
c0052,2023-04-01,12,35.13,1,0
c0053,2023-04-01,7,449.72,0,0
c0054,2023-04-01,42,461.0,0,0
c0055,2023-04-01,37,356.05,1,0
c0056,2023-04-01,28,486.25,0,0
c0057,2023-04-01,21,46.79,0,1
c0058,2023-04-01,28,480.85,1,1
c0059,2023-04-01,30,339.45,0,0
c0060,2023-04-01,44,104.91,1,0
c0061,2023-04-01,31,123.24,0,0
c0062,2023-04-01,57,457.33,0,1
c0063,2023-04-01,28,76.74,1,0
c0064,2023-04-01,11,23.66,1,0
c0065,2023-04-01,43,259.55,0,0
c0066,2023-04-01,28,188.45,0,0
c0067,2023-04-01,26,168.12,1,0
c0068,2023-04-01,2,4.03,1,0
c0069,2023-04-01,58,115.52,0,0
c0070,2023-04-01,15,256.51,1,1
c0071,2023-04-01,57,103.99,0,0
c0072,2023-04-01,9,383.72,0,0
c0073,2023-04-01,37,461.94,0,0
c0074,2023-04-01,32,225.34,1,0
c0075,2023-04-01,3,139.45,0,0
c0076,2023-04-01,11,131.16,0,1
c0077,2023-04-01,2,286.37,1,0
c0078,2023-04-01,20,243.52,1,0
c0079,2023-04-01,17,72.8,0,0
c0080,2023-04-01,47,382.31,1,0
c0081,2023-04-01,1,430.18,1,0
c0082,2023-04-01,19,492.42,1,0
c0083,2023-04-01,18,299.32,0,0
c0084,2023-04-01,37,233.69,1,0
c0085,2023-04-01,58,316.57,0,1
c0086,2023-04-01,38,480.51,1,0
c0087,2023-04-01,44,236.79,1,0
c0088,2023-04-01,50,56.77,0,1
c0089,2023-04-01,27,418.32,0,0
c0090,2023-04-01,51,16.78,0,0
c0091,2023-04-01,58,319.36,0,0
c0092,2023-04-01,35,70.7,0,0
c0093,2023-04-01,6,265.24,1,1
c0094,2023-04-01,6,356.94,1,1
c0095,2023-04-01,55,86.68,0,0
c0096,2023-04-01,9,114.33,0,0
c0097,2023-04-01,36,106.51,0,0
c0098,2023-04-01,25,111.39,0,0
c0099,2023-04-01,5,224.13,1,0
c0100,2023-04-01,23,296.85,0,0
c0101,2023-04-01,52,122.65,0,0
c0102,2023-04-01,57,443.0,0,0
c0103,2023-04-01,17,442.97,1,0
c0104,2023-04-01,22,454.16,0,0
c0105,2023-04-01,54,387.97,0,0
c0106,2023-04-01,31,492.31,1,0
c0107,2023-04-01,58,178.52,1,0
c0108,2023-04-01,44,279.43,1,1
c0109,2023-04-01,15,4.32,0,0
c0110,2023-04-01,56,180.98,0,0
c0111,2023-04-01,13,474.46,0,0
c0112,2023-04-01,1,303.03,0,0
c0113,2023-04-01,31,457.73,0,1
c0114,2023-04-01,40,421.82,0,0
c0115,2023-04-01,5,383.89,1,0
c0116,2023-04-01,37,111.95,1,0
c0117,2023-04-01,1,118.96,0,0
c0118,2023-04-01,46,190.65,1,1
c0119,2023-04-01,54,134.86,0,0
c0120,2023-04-01,39,442.84,1,0
c0121,2023-04-01,42,245.35,0,0
c0122,2023-04-01,55,70.69,1,0
c0123,2023-04-01,37,367.27,1,0
c0124,2023-04-01,48,215.16,1,0
c0125,2023-04-01,3,42.88,1,0
c0126,2023-04-01,48,167.16,0,0
c0127,2023-04-01,15,186.45,0,0
c0128,2023-04-01,52,422.49,0,0
c0129,2023-04-01,46,176.31,1,1
c0130,2023-04-01,33,408.08,0,0
c0131,2023-04-01,30,444.28,0,0
c0132,2023-04-01,35,55.2,1,0
c0133,2023-04-01,46,189.61,1,0
c0134,2023-04-01,58,493.52,0,0
c0135,2023-04-01,27,273.6,0,0
c0136,2023-04-01,40,147.62,0,0
c0137,2023-04-01,28,469.74,0,0
c0138,2023-04-01,13,473.37,1,0
c0139,2023-04-01,49,84.28,1,0
c0140,2023-04-01,38,239.05,0,1
c0141,2023-04-01,25,407.18,0,0
c0142,2023-04-01,10,380.88,0,0
c0143,2023-04-01,26,465.22,1,0
c0144,2023-04-01,33,209.76,0,0
c0145,2023-04-01,35,124.64,1,0
c0146,2023-04-01,3,376.2,0,0
c0147,2023-04-01,12,138.36,1,0
c0148,2023-04-01,1,60.3,0,0
c0149,2023-04-01,44,87.28,0,0
c0000,2023-05-01,47,279.26,0,1
c0001,2023-05-01,54,207.64,0,1
c0002,2023-05-01,45,293.52,0,1
c0003,2023-05-01,56,184.28,1,0
c0004,2023-05-01,26,11.19,1,0
c0005,2023-05-01,18,191.0,0,0
c0006,2023-05-01,28,391.59,0,0
c0007,2023-05-01,39,488.58,0,1
c0008,2023-05-01,26,15.25,0,0
c0009,2023-05-01,51,428.15,0,0
c0010,2023-05-01,20,92.15,0,1
c0011,2023-05-01,26,31.41,0,1
c0012,2023-05-01,26,100.78,1,0
c0013,2023-05-01,7,456.34,0,0
c0014,2023-05-01,31,342.28,0,0
c0015,2023-05-01,40,89.37,1,1
c0016,2023-05-01,22,104.13,1,0
c0017,2023-05-01,46,162.49,0,0
c0018,2023-05-01,52,264.56,1,0
c0019,2023-05-01,57,371.72,1,0
c0020,2023-05-01,19,228.75,0,0
c0021,2023-05-01,27,98.34,0,0
c0022,2023-05-01,27,470.55,0,0
c0023,2023-05-01,15,49.31,1,1
c0024,2023-05-01,9,218.66,1,0
c0025,2023-05-01,24,216.61,0,1
c0026,2023-05-01,18,274.83,1,1
c0027,2023-05-01,2,215.04,1,0
c0028,2023-05-01,26,197.79,0,0
c0029,2023-05-01,13,409.88,0,0
c0030,2023-05-01,1,133.88,0,0
c0031,2023-05-01,34,132.15,0,1
c0032,2023-05-01,19,289.08,0,0
c0033,2023-05-01,17,129.29,0,1
c0034,2023-05-01,12,127.24,0,0
c0035,2023-05-01,23,414.2,0,0
c0036,2023-05-01,9,376.8,1,1
c0037,2023-05-01,37,421.05,1,0
c0038,2023-05-01,6,15.48,0,0
c0039,2023-05-01,56,55.26,1,0
c0040,2023-05-01,32,495.49,0,0
c0041,2023-05-01,8,272.74,0,0
c0042,2023-05-01,15,25.28,0,0
c0043,2023-05-01,14,62.78,1,0
c0044,2023-05-01,50,375.11,1,0
c0045,2023-05-01,36,345.21,0,0
c0046,2023-05-01,30,117.03,1,0
c0047,2023-05-01,9,358.94,0,0
c0048,2023-05-01,21,4.33,0,1
c0049,2023-05-01,33,346.21,1,0
c0050,2023-05-01,28,331.57,0,1
c0051,2023-05-01,26,286.16,1,0
c0052,2023-05-01,8,362.29,0,1
c0053,2023-05-01,17,316.38,0,0
c0054,2023-05-01,8,131.14,0,1
c0055,2023-05-01,59,4.19,1,0
c0056,2023-05-01,15,233.5,0,0
c0057,2023-05-01,15,180.09,1,1
c0058,2023-05-01,52,270.96,1,0
c0059,2023-05-01,46,86.57,0,0
c0060,2023-05-01,7,284.72,0,0
c0061,2023-05-01,28,283.06,1,0
c0062,2023-05-01,18,259.06,0,1
c0063,2023-05-01,59,476.47,1,1
c0064,2023-05-01,50,111.92,1,0
c0065,2023-05-01,18,484.54,0,0
c0066,2023-05-01,27,160.78,0,0
c0067,2023-05-01,38,458.95,0,0
c0068,2023-05-01,1,312.32,0,0
c0069,2023-05-01,44,173.31,0,0
c0070,2023-05-01,34,33.77,0,0
c0071,2023-05-01,52,83.07,0,0
c0072,2023-05-01,55,403.58,1,1
c0073,2023-05-01,27,204.4,1,0
c0074,2023-05-01,51,491.89,0,1
c0075,2023-05-01,2,357.21,1,0
c0076,2023-05-01,25,373.96,0,0
c0077,2023-05-01,6,48.76,0,0
c0078,2023-05-01,59,212.79,1,0
c0079,2023-05-01,56,165.11,1,0
c0080,2023-05-01,44,175.65,0,1
c0081,2023-05-01,13,188.42,1,1
c0082,2023-05-01,38,239.21,0,0
c0083,2023-05-01,16,29.12,1,0
c0084,2023-05-01,51,460.4,1,0
c0085,2023-05-01,8,17.83,0,0
c0086,2023-05-01,18,169.11,1,1
c0087,2023-05-01,17,81.16,0,0
c0088,2023-05-01,5,497.4,0,1
c0089,2023-05-01,34,99.71,1,0
c0090,2023-05-01,4,248.58,1,0
c0091,2023-05-01,56,436.06,1,0
c0092,2023-05-01,23,171.43,0,1
c0093,2023-05-01,49,319.28,1,0
c0094,2023-05-01,46,483.05,0,1
c0095,2023-05-01,48,215.82,1,0
c0096,2023-05-01,36,171.53,1,0
c0097,2023-05-01,43,26.22,0,0
c0098,2023-05-01,36,67.63,0,0
c0099,2023-05-01,23,390.44,0,1
c0100,2023-05-01,50,189.64,0,0
c0101,2023-05-01,45,2.64,0,0
c0102,2023-05-01,24,218.98,0,0
c0103,2023-05-01,9,425.83,1,0
c0104,2023-05-01,17,358.34,1,1
c0105,2023-05-01,7,196.44,1,0
c0106,2023-05-01,17,260.62,0,0
c0107,2023-05-01,49,152.93,1,0
c0108,2023-05-01,8,282.0,0,1
c0109,2023-05-01,37,430.18,0,0
c0110,2023-05-01,11,364.31,0,0
c0111,2023-05-01,33,242.28,0,0
c0112,2023-05-01,44,217.19,1,0
c0113,2023-05-01,36,494.73,1,0
c0114,2023-05-01,6,356.02,0,0
c0115,2023-05-01,46,18.03,0,0
c0116,2023-05-01,50,25.89,1,0
c0117,2023-05-01,21,53.07,0,0
c0118,2023-05-01,40,410.06,1,0
c0119,2023-05-01,3,490.09,0,1
c0120,2023-05-01,31,115.81,1,0
c0121,2023-05-01,24,15.15,0,1
c0122,2023-05-01,34,48.71,0,0
c0123,2023-05-01,53,322.01,0,0
c0124,2023-05-01,2,207.29,0,0
c0125,2023-05-01,3,473.0,1,0
c0126,2023-05-01,9,467.01,1,1
c0127,2023-05-01,58,227.39,1,0
c0128,2023-05-01,29,467.92,0,0
c0129,2023-05-01,35,86.53,1,0
c0130,2023-05-01,5,200.97,1,0
c0131,2023-05-01,4,44.53,1,0
c0132,2023-05-01,43,85.79,0,0
c0133,2023-05-01,5,145.15,1,0
c0134,2023-05-01,31,220.98,1,0
c0135,2023-05-01,19,353.54,1,0
c0136,2023-05-01,10,469.83,0,0
c0137,2023-05-01,51,299.33,1,1
c0138,2023-05-01,5,393.56,1,0
c0139,2023-05-01,35,95.74,0,1
c0140,2023-05-01,56,105.55,1,0
c0141,2023-05-01,27,303.28,1,0
c0142,2023-05-01,6,154.09,0,1
c0143,2023-05-01,2,211.2,1,0
c0144,2023-05-01,59,204.0,0,0
c0145,2023-05-01,39,379.84,0,0
c0146,2023-05-01,38,205.33,0,0
c0147,2023-05-01,47,419.69,1,0
c0148,2023-05-01,13,250.25,0,0
c0149,2023-05-01,1,184.53,0,0
c0000,2023-05-31,44,24.94,0,0
c0001,2023-05-31,23,179.32,0,0
c0002,2023-05-31,30,424.9,0,0
c0003,2023-05-31,40,492.44,0,0
c0004,2023-05-31,41,381.71,0,0
c0005,2023-05-31,3,178.28,1,1
c0006,2023-05-31,15,353.33,1,0
c0007,2023-05-31,56,6.37,1,0
c0008,2023-05-31,20,153.84,0,0
c0009,2023-05-31,54,338.2,0,1
c0010,2023-05-31,31,385.07,1,0
c0011,2023-05-31,22,295.41,1,0
c0012,2023-05-31,41,316.76,0,0
c0013,2023-05-31,52,475.26,0,0
c0014,2023-05-31,28,144.84,1,0
c0015,2023-05-31,24,246.79,0,0
c0016,2023-05-31,8,180.37,0,0
c0017,2023-05-31,1,67.78,1,1
c0018,2023-05-31,47,499.78,0,0
c0019,2023-05-31,19,223.47,1,0
c0020,2023-05-31,26,308.74,0,0
c0021,2023-05-31,56,225.22,0,0
c0022,2023-05-31,16,328.99,0,1
c0023,2023-05-31,37,261.05,0,1
c0024,2023-05-31,23,219.13,0,0
c0025,2023-05-31,5,100.03,1,0
c0026,2023-05-31,21,289.4,1,1
c0027,2023-05-31,29,32.77,0,0
c0028,2023-05-31,48,439.15,0,0
c0029,2023-05-31,42,40.08,0,0
c0030,2023-05-31,17,59.26,0,1
c0031,2023-05-31,20,67.97,0,0
c0032,2023-05-31,34,353.43,1,0
c0033,2023-05-31,54,92.33,1,0
c0034,2023-05-31,41,338.94,0,0
c0035,2023-05-31,38,452.3,1,0
c0036,2023-05-31,1,178.45,0,0
c0037,2023-05-31,57,436.36,1,0
c0038,2023-05-31,47,217.26,0,0
c0039,2023-05-31,20,181.47,0,0
c0040,2023-05-31,19,389.85,0,0
c0041,2023-05-31,17,89.67,0,0
c0042,2023-05-31,28,320.88,1,0
c0043,2023-05-31,45,498.42,0,0
c0044,2023-05-31,21,34.2,1,0
c0045,2023-05-31,13,171.63,1,0
c0046,2023-05-31,32,149.51,0,0
c0047,2023-05-31,6,385.62,0,0
c0048,2023-05-31,17,81.64,0,0
c0049,2023-05-31,44,304.13,0,0
c0050,2023-05-31,31,72.62,0,0
c0051,2023-05-31,8,120.77,1,0
c0052,2023-05-31,20,355.53,1,0
c0053,2023-05-31,31,40.86,0,1
c0054,2023-05-31,15,224.19,0,0
c0055,2023-05-31,31,200.89,1,0
c0056,2023-05-31,32,359.59,0,0
c0057,2023-05-31,21,341.95,1,0
c0058,2023-05-31,11,408.24,0,0
c0059,2023-05-31,40,417.87,1,0
c0060,2023-05-31,19,486.96,1,0
c0061,2023-05-31,17,261.8,1,1
c0062,2023-05-31,31,414.09,1,0
c0063,2023-05-31,37,141.73,0,1
c0064,2023-05-31,17,339.26,1,0
c0065,2023-05-31,24,122.98,1,0
c0066,2023-05-31,11,403.87,1,0
c0067,2023-05-31,25,168.55,1,0
c0068,2023-05-31,40,347.01,0,0
c0069,2023-05-31,3,442.08,0,0
c0070,2023-05-31,3,181.76,1,0
c0071,2023-05-31,14,476.54,1,1
c0072,2023-05-31,30,219.48,1,0
c0073,2023-05-31,37,464.46,0,1
c0074,2023-05-31,30,190.76,1,0
c0075,2023-05-31,27,332.34,0,0
c0076,2023-05-31,52,323.36,0,0
c0077,2023-05-31,43,42.22,0,0
c0078,2023-05-31,43,121.5,0,0
c0079,2023-05-31,59,308.96,1,0
c0080,2023-05-31,6,47.09,0,0
c0081,2023-05-31,44,14.11,1,0
c0082,2023-05-31,40,372.22,0,0
c0083,2023-05-31,17,366.88,0,1
c0084,2023-05-31,23,255.84,1,0
c0085,2023-05-31,58,68.62,0,0
c0086,2023-05-31,54,20.99,0,1
c0087,2023-05-31,32,375.3,0,0
c0088,2023-05-31,59,380.91,1,1
c0089,2023-05-31,6,464.35,0,0
c0090,2023-05-31,26,488.52,1,0
c0091,2023-05-31,5,205.18,1,0
c0092,2023-05-31,20,23.86,0,0
c0093,2023-05-31,2,176.17,0,0
c0094,2023-05-31,45,463.66,0,0
c0095,2023-05-31,2,476.63,0,0
c0096,2023-05-31,4,251.45,0,1
c0097,2023-05-31,29,19.31,0,1
c0098,2023-05-31,31,41.25,0,0
c0099,2023-05-31,16,431.09,1,0
c0100,2023-05-31,5,138.63,0,0
c0101,2023-05-31,47,216.54,1,0
c0102,2023-05-31,32,230.7,0,0
c0103,2023-05-31,3,336.37,1,0
c0104,2023-05-31,41,472.37,0,0
c0105,2023-05-31,55,270.86,0,0
c0106,2023-05-31,7,345.36,1,0
c0107,2023-05-31,40,211.28,0,0
c0108,2023-05-31,14,170.46,1,0
c0109,2023-05-31,45,43.09,0,0
c0110,2023-05-31,1,94.05,1,0
c0111,2023-05-31,32,36.72,1,0
c0112,2023-05-31,58,240.65,0,0
c0113,2023-05-31,39,195.49,1,1
c0114,2023-05-31,11,10.63,0,0
c0115,2023-05-31,33,42.1,1,0
c0116,2023-05-31,18,415.15,1,0
c0117,2023-05-31,58,3.86,1,0
c0118,2023-05-31,59,361.11,1,0
c0119,2023-05-31,54,309.59,1,0
c0120,2023-05-31,29,427.18,1,0
c0121,2023-05-31,2,170.6,1,0
c0122,2023-05-31,4,7.44,1,0
c0123,2023-05-31,23,139.36,0,0
c0124,2023-05-31,19,335.11,1,0
c0125,2023-05-31,28,356.04,0,1
c0126,2023-05-31,5,66.0,1,0
c0127,2023-05-31,25,69.64,1,0
c0128,2023-05-31,45,456.62,0,0
c0129,2023-05-31,13,364.49,0,0
c0130,2023-05-31,2,126.69,1,0
c0131,2023-05-31,49,34.02,0,0
c0132,2023-05-31,10,361.08,0,0
c0133,2023-05-31,28,302.33,0,1
c0134,2023-05-31,11,171.96,1,0
c0135,2023-05-31,26,411.95,0,0
c0136,2023-05-31,24,136.52,0,0
c0137,2023-05-31,49,35.28,1,0
c0138,2023-05-31,25,421.07,1,0
c0139,2023-05-31,27,149.03,1,0
c0140,2023-05-31,55,59.36,1,0
c0141,2023-05-31,30,390.4,0,0
c0142,2023-05-31,45,199.38,1,0
c0143,2023-05-31,47,409.87,0,0
c0144,2023-05-31,19,342.63,1,0
c0145,2023-05-31,17,79.48,0,1
c0146,2023-05-31,46,171.79,0,1
c0147,2023-05-31,43,128.43,1,1
c0148,2023-05-31,34,128.89,0,0
c0149,2023-05-31,2,169.03,0,0
c0000,2023-06-30,13,34.13,0,0
c0001,2023-06-30,39,263.51,0,0
c0002,2023-06-30,26,442.76,0,0
c0003,2023-06-30,50,48.31,1,1
c0004,2023-06-30,5,119.18,1,0
c0005,2023-06-30,1,265.85,1,0
c0006,2023-06-30,41,456.89,0,0
c0007,2023-06-30,5,235.5,1,0
c0008,2023-06-30,50,294.98,1,0
c0009,2023-06-30,1,39.3,0,0
c0010,2023-06-30,39,156.7,0,0
c0011,2023-06-30,23,148.33,1,1
c0012,2023-06-30,59,412.59,0,1
c0013,2023-06-30,47,352.02,1,0
c0014,2023-06-30,51,190.62,1,0
c0015,2023-06-30,28,68.16,0,0
c0016,2023-06-30,35,269.97,0,0
c0017,2023-06-30,54,244.35,0,0
c0018,2023-06-30,44,285.61,0,0
c0019,2023-06-30,36,357.73,0,0
c0020,2023-06-30,25,1.88,0,0
c0021,2023-06-30,3,40.09,1,0
c0022,2023-06-30,30,247.23,0,0
c0023,2023-06-30,52,98.98,1,0
c0024,2023-06-30,51,157.62,1,0
c0025,2023-06-30,22,439.32,1,1
c0026,2023-06-30,15,135.76,0,0
c0027,2023-06-30,50,94.43,0,0
c0028,2023-06-30,17,179.57,1,0
c0029,2023-06-30,1,407.99,1,0
c0030,2023-06-30,27,276.4,1,1
c0031,2023-06-30,6,137.86,0,0
c0032,2023-06-30,11,414.2,1,0
c0033,2023-06-30,20,226.97,0,0
c0034,2023-06-30,24,224.71,0,0
c0035,2023-06-30,8,204.35,0,0
c0036,2023-06-30,3,179.42,1,0
c0037,2023-06-30,3,375.04,1,0
c0038,2023-06-30,50,150.48,1,1
c0039,2023-06-30,8,97.17,1,0
c0040,2023-06-30,11,203.4,1,0
c0041,2023-06-30,15,452.9,0,0
c0042,2023-06-30,46,329.69,1,0
c0043,2023-06-30,33,346.11,0,0
c0044,2023-06-30,51,96.47,0,0
c0045,2023-06-30,12,359.53,0,0
c0046,2023-06-30,31,247.57,1,0
c0047,2023-06-30,51,172.49,0,0
c0048,2023-06-30,26,177.03,1,0
c0049,2023-06-30,43,465.09,1,0
c0050,2023-06-30,28,407.82,1,0
c0051,2023-06-30,33,427.54,0,1
c0052,2023-06-30,20,390.64,1,0
c0053,2023-06-30,8,295.95,0,0
c0054,2023-06-30,33,411.61,0,0
c0055,2023-06-30,7,289.12,1,0
c0056,2023-06-30,4,195.53,0,0
c0057,2023-06-30,21,352.38,1,0
c0058,2023-06-30,56,94.12,0,0
c0059,2023-06-30,26,311.1,0,0
c0060,2023-06-30,17,76.12,0,0
c0061,2023-06-30,54,249.91,0,0
c0062,2023-06-30,2,232.67,1,0
c0063,2023-06-30,35,90.85,0,0
c0064,2023-06-30,34,267.42,0,0
c0065,2023-06-30,52,469.89,0,1
c0066,2023-06-30,6,394.48,1,1
c0067,2023-06-30,23,391.97,1,0
c0068,2023-06-30,32,372.75,0,0
c0069,2023-06-30,47,418.56,0,0
c0070,2023-06-30,35,334.42,0,0
c0071,2023-06-30,18,209.08,1,0
c0072,2023-06-30,53,426.29,0,0
c0073,2023-06-30,58,304.12,1,0
c0074,2023-06-30,54,403.38,0,0
c0075,2023-06-30,36,390.24,0,1
c0076,2023-06-30,51,69.2,1,0
c0077,2023-06-30,46,177.25,1,0
c0078,2023-06-30,40,224.59,0,0
c0079,2023-06-30,21,44.23,1,0
c0080,2023-06-30,58,347.74,0,0
c0081,2023-06-30,13,358.06,1,0
c0082,2023-06-30,16,78.16,0,0
c0083,2023-06-30,39,121.74,0,0
c0084,2023-06-30,15,19.33,0,0
c0085,2023-06-30,41,94.57,1,0
c0086,2023-06-30,5,265.18,0,0
c0087,2023-06-30,32,291.28,1,1
c0088,2023-06-30,20,374.92,1,1
c0089,2023-06-30,38,31.72,1,0
c0090,2023-06-30,25,146.82,0,0
c0091,2023-06-30,40,303.51,1,0
c0092,2023-06-30,39,75.34,1,0
c0093,2023-06-30,30,79.51,0,0
c0094,2023-06-30,59,71.69,0,1
c0095,2023-06-30,58,34.38,1,1
c0096,2023-06-30,51,475.16,1,0
c0097,2023-06-30,38,304.33,0,0
c0098,2023-06-30,44,64.17,1,0
c0099,2023-06-30,15,103.83,0,0
c0100,2023-06-30,53,397.49,0,1
c0101,2023-06-30,49,64.67,0,0
c0102,2023-06-30,26,24.5,1,1
c0103,2023-06-30,3,211.25,1,0
c0104,2023-06-30,35,442.14,1,0
c0105,2023-06-30,12,266.96,0,0
c0106,2023-06-30,27,366.07,0,0
c0107,2023-06-30,47,226.53,1,0
c0108,2023-06-30,45,445.81,0,1
c0109,2023-06-30,18,181.77,0,0
c0110,2023-06-30,8,73.08,1,0
c0111,2023-06-30,39,10.47,0,0
c0112,2023-06-30,28,447.41,1,1
c0113,2023-06-30,18,95.44,0,0
c0114,2023-06-30,33,392.02,0,0
c0115,2023-06-30,26,262.46,1,0
c0116,2023-06-30,12,340.33,1,0
c0117,2023-06-30,46,247.78,0,0
c0118,2023-06-30,39,366.31,0,0
c0119,2023-06-30,30,431.68,1,0
c0120,2023-06-30,46,146.41,1,0
c0121,2023-06-30,12,194.51,1,0
c0122,2023-06-30,26,334.55,0,0
c0123,2023-06-30,28,434.73,0,1
c0124,2023-06-30,13,133.09,1,0
c0125,2023-06-30,4,387.03,1,0
c0126,2023-06-30,19,53.51,0,0
c0127,2023-06-30,19,423.33,0,0
c0128,2023-06-30,35,133.79,1,0
c0129,2023-06-30,7,87.39,0,0
c0130,2023-06-30,2,120.35,0,0
c0131,2023-06-30,19,216.65,1,0
c0132,2023-06-30,24,166.06,0,0
c0133,2023-06-30,9,6.66,1,1
c0134,2023-06-30,49,144.61,1,0
c0135,2023-06-30,37,495.77,1,0
c0136,2023-06-30,8,300.7,0,0
c0137,2023-06-30,55,121.46,0,0
c0138,2023-06-30,32,465.54,1,0
c0139,2023-06-30,52,390.55,0,0
c0140,2023-06-30,10,228.19,0,1
c0141,2023-06-30,58,411.76,1,0
c0142,2023-06-30,16,52.61,1,1
c0143,2023-06-30,43,285.15,0,0
c0144,2023-06-30,59,303.88,1,0
c0145,2023-06-30,6,56.56,1,0
c0146,2023-06-30,17,182.93,0,0
c0147,2023-06-30,28,89.47,1,0
c0148,2023-06-30,48,264.93,0,0
c0149,2023-06-30,46,120.39,1,0
c0000,2023-07-30,20,489.55,0,0
c0001,2023-07-30,49,124.89,0,1
c0002,2023-07-30,45,406.06,0,0
c0003,2023-07-30,8,475.54,1,1
c0004,2023-07-30,28,94.8,1,0
c0005,2023-07-30,7,410.55,1,0
c0006,2023-07-30,31,295.85,0,0
c0007,2023-07-30,54,60.9,1,0
c0008,2023-07-30,21,178.51,0,0
c0009,2023-07-30,37,152.68,0,0
c0010,2023-07-30,48,295.06,1,0
c0011,2023-07-30,21,232.03,1,0
c0012,2023-07-30,1,371.81,0,0
c0013,2023-07-30,5,206.36,1,0
c0014,2023-07-30,34,77.72,0,0
c0015,2023-07-30,30,122.98,1,1
c0016,2023-07-30,11,190.11,1,0
c0017,2023-07-30,21,290.77,1,0
c0018,2023-07-30,3,253.17,0,1
c0019,2023-07-30,59,336.51,1,0
c0020,2023-07-30,14,264.55,0,1
c0021,2023-07-30,35,274.73,0,0
c0022,2023-07-30,17,499.24,1,0
c0023,2023-07-30,46,26.85,0,0
c0024,2023-07-30,36,463.0,1,0
c0025,2023-07-30,41,264.92,0,0
c0026,2023-07-30,34,302.27,0,0
c0027,2023-07-30,16,434.12,1,0
c0028,2023-07-30,1,215.39,1,0
c0029,2023-07-30,13,119.06,1,0
c0030,2023-07-30,51,347.45,1,1
c0031,2023-07-30,21,341.68,0,0
c0032,2023-07-30,27,221.05,1,0
c0033,2023-07-30,17,215.74,1,0
c0034,2023-07-30,14,11.71,1,0
c0035,2023-07-30,16,215.26,0,0
c0036,2023-07-30,35,328.99,1,0
c0037,2023-07-30,11,217.37,1,0
c0038,2023-07-30,27,282.24,1,1
c0039,2023-07-30,18,44.64,0,0
c0040,2023-07-30,25,357.94,0,0
c0041,2023-07-30,53,5.82,1,0
c0042,2023-07-30,20,17.24,0,0
c0043,2023-07-30,42,151.18,1,0
c0044,2023-07-30,37,213.59,0,0
c0045,2023-07-30,58,423.59,1,0
c0046,2023-07-30,22,209.04,1,0
c0047,2023-07-30,7,228.67,0,0
c0048,2023-07-30,33,476.86,1,1
c0049,2023-07-30,32,212.99,0,0
c0050,2023-07-30,2,402.35,1,1
c0051,2023-07-30,12,8.97,0,0
c0052,2023-07-30,44,180.09,1,0
c0053,2023-07-30,33,391.76,0,0
c0054,2023-07-30,25,350.86,0,0
c0055,2023-07-30,28,286.25,1,0
c0056,2023-07-30,1,53.49,1,1
c0057,2023-07-30,22,44.44,0,0
c0058,2023-07-30,36,83.07,0,0
c0059,2023-07-30,20,294.45,0,0
c0060,2023-07-30,15,400.59,1,1
c0061,2023-07-30,23,177.24,0,0
c0062,2023-07-30,42,323.35,0,0
c0063,2023-07-30,21,294.35,0,0
c0064,2023-07-30,3,434.19,1,0
c0065,2023-07-30,55,32.21,1,0
c0066,2023-07-30,18,46.87,0,1
c0067,2023-07-30,36,333.71,1,0
c0068,2023-07-30,53,217.52,0,0
c0069,2023-07-30,31,16.37,0,0
c0070,2023-07-30,26,133.2,0,0
c0071,2023-07-30,1,133.15,1,0
c0072,2023-07-30,36,351.14,0,0
c0073,2023-07-30,50,463.62,1,0
c0074,2023-07-30,56,141.06,0,0
c0075,2023-07-30,1,475.64,1,1
c0076,2023-07-30,10,219.21,0,0
c0077,2023-07-30,34,122.49,0,0
c0078,2023-07-30,10,65.01,1,1
c0079,2023-07-30,57,88.1,1,0
c0080,2023-07-30,19,441.55,1,1
c0081,2023-07-30,51,203.62,0,1
c0082,2023-07-30,36,95.68,0,0
c0083,2023-07-30,33,310.27,1,0
c0084,2023-07-30,40,210.86,1,0
c0085,2023-07-30,5,270.47,1,0
c0086,2023-07-30,2,97.57,0,0
c0087,2023-07-30,26,17.01,1,0
c0088,2023-07-30,13,180.7,0,0
c0089,2023-07-30,34,376.14,0,0
c0090,2023-07-30,39,400.74,1,1
c0091,2023-07-30,23,494.28,0,0
c0092,2023-07-30,36,124.75,0,0
c0093,2023-07-30,4,219.4,1,0
c0094,2023-07-30,26,402.22,1,0
c0095,2023-07-30,13,161.45,1,1
c0096,2023-07-30,37,397.55,0,0
c0097,2023-07-30,2,348.67,0,1
c0098,2023-07-30,12,60.61,1,1
c0099,2023-07-30,5,365.32,1,0
c0100,2023-07-30,8,234.18,0,0
c0101,2023-07-30,54,466.9,0,0
c0102,2023-07-30,58,61.49,0,1
c0103,2023-07-30,23,386.22,1,0
c0104,2023-07-30,58,445.11,0,1
c0105,2023-07-30,35,320.85,1,0
c0106,2023-07-30,32,442.49,1,1
c0107,2023-07-30,32,298.95,0,0
c0108,2023-07-30,9,450.53,1,0
c0109,2023-07-30,23,61.56,0,0
c0110,2023-07-30,22,421.24,0,0
c0111,2023-07-30,10,352.03,0,0
c0112,2023-07-30,17,421.55,1,0
c0113,2023-07-30,22,389.06,1,1
c0114,2023-07-30,5,427.58,0,0
c0115,2023-07-30,13,420.63,1,0
c0116,2023-07-30,25,53.92,1,0
c0117,2023-07-30,56,23.21,1,0
c0118,2023-07-30,5,382.78,0,1
c0119,2023-07-30,4,153.14,0,0
c0120,2023-07-30,8,90.44,1,0
c0121,2023-07-30,26,35.77,0,0
c0122,2023-07-30,30,223.57,1,0
c0123,2023-07-30,10,199.94,1,0
c0124,2023-07-30,15,239.49,0,0
c0125,2023-07-30,38,202.03,0,0
c0126,2023-07-30,5,172.92,0,0
c0127,2023-07-30,14,435.49,0,0
c0128,2023-07-30,32,31.09,0,0
c0129,2023-07-30,54,24.11,1,0
c0130,2023-07-30,51,70.6,1,1
c0131,2023-07-30,51,132.89,0,1
c0132,2023-07-30,33,243.91,0,0
c0133,2023-07-30,41,169.4,1,0
c0134,2023-07-30,7,192.05,1,0
c0135,2023-07-30,13,295.43,1,0
c0136,2023-07-30,3,330.43,1,0
c0137,2023-07-30,15,147.77,1,0
c0138,2023-07-30,28,213.67,1,0
c0139,2023-07-30,33,130.42,0,0
c0140,2023-07-30,56,486.14,0,1
c0141,2023-07-30,42,276.23,1,0
c0142,2023-07-30,11,91.21,1,0
c0143,2023-07-30,3,313.13,0,0
c0144,2023-07-30,32,463.38,1,0
c0145,2023-07-30,40,262.69,0,0
c0146,2023-07-30,56,118.23,0,0
c0147,2023-07-30,40,97.66,1,0
c0148,2023-07-30,50,281.75,1,0
c0149,2023-07-30,25,333.84,1,1
c0000,2023-08-29,56,119.95,0,0
c0001,2023-08-29,47,97.41,0,0
c0002,2023-08-29,57,29.39,0,1
c0003,2023-08-29,22,77.09,0,0
c0004,2023-08-29,1,391.22,0,0
c0005,2023-08-29,28,357.74,1,0
c0006,2023-08-29,26,482.68,0,0
c0007,2023-08-29,30,384.02,0,1
c0008,2023-08-29,48,435.38,1,1
c0009,2023-08-29,44,30.98,1,0
c0010,2023-08-29,35,74.62,1,0
c0011,2023-08-29,56,246.08,0,0
c0012,2023-08-29,52,355.15,0,1
c0013,2023-08-29,19,403.86,0,1
c0014,2023-08-29,48,339.96,1,0
c0015,2023-08-29,19,215.64,0,1
c0016,2023-08-29,17,95.76,0,1
c0017,2023-08-29,5,372.06,0,0
c0018,2023-08-29,14,415.29,0,0
c0019,2023-08-29,9,233.18,1,0
c0020,2023-08-29,20,428.51,0,0
c0021,2023-08-29,22,198.73,0,0
c0022,2023-08-29,36,85.8,0,0
c0023,2023-08-29,49,361.59,0,1
c0024,2023-08-29,33,21.6,0,1
c0025,2023-08-29,37,119.72,0,1
c0026,2023-08-29,41,179.16,0,1
c0027,2023-08-29,59,71.02,0,0
c0028,2023-08-29,29,268.53,0,0
c0029,2023-08-29,40,173.87,1,0
c0030,2023-08-29,42,146.57,0,0
c0031,2023-08-29,56,343.87,0,0
c0032,2023-08-29,47,0.12,0,0
c0033,2023-08-29,34,298.02,0,0
c0034,2023-08-29,47,305.86,1,0
c0035,2023-08-29,57,119.32,0,0
c0036,2023-08-29,25,88.77,1,0
c0037,2023-08-29,42,375.31,0,0
c0038,2023-08-29,52,336.76,0,0
c0039,2023-08-29,1,169.5,1,1
c0040,2023-08-29,34,292.57,0,0
c0041,2023-08-29,19,15.59,0,0
c0042,2023-08-29,8,35.7,1,0
c0043,2023-08-29,25,441.37,1,0
c0044,2023-08-29,40,278.45,1,1
c0045,2023-08-29,19,485.18,0,0
c0046,2023-08-29,20,220.53,0,0
c0047,2023-08-29,52,0.29,1,1
c0048,2023-08-29,57,104.48,0,0
c0049,2023-08-29,45,97.22,0,0
c0050,2023-08-29,27,318.88,1,0
c0051,2023-08-29,51,29.5,0,0
c0052,2023-08-29,31,258.85,1,0
c0053,2023-08-29,46,357.58,0,0
c0054,2023-08-29,24,335.24,0,1
c0055,2023-08-29,36,346.69,0,0
c0056,2023-08-29,11,371.7,0,1
c0057,2023-08-29,36,330.37,1,0
c0058,2023-08-29,53,459.85,1,1
c0059,2023-08-29,19,338.72,1,0
c0060,2023-08-29,54,158.25,1,1
c0061,2023-08-29,18,430.16,0,0
c0062,2023-08-29,10,115.48,0,0
c0063,2023-08-29,32,21.29,1,1
c0064,2023-08-29,15,386.84,0,0
c0065,2023-08-29,26,399.33,1,0
c0066,2023-08-29,21,209.5,1,0
c0067,2023-08-29,54,413.11,1,0
c0068,2023-08-29,28,55.1,1,0
c0069,2023-08-29,1,324.77,1,0
c0070,2023-08-29,11,43.46,1,1
c0071,2023-08-29,25,120.39,1,0
c0072,2023-08-29,1,385.74,0,0
c0073,2023-08-29,25,7.31,1,0
c0074,2023-08-29,22,484.73,0,0
c0075,2023-08-29,38,332.66,0,0
c0076,2023-08-29,48,415.67,1,0
c0077,2023-08-29,35,256.72,1,0
c0078,2023-08-29,34,1.98,1,0
c0079,2023-08-29,13,341.91,0,0
c0080,2023-08-29,15,386.4,0,0
c0081,2023-08-29,33,21.99,1,0
c0082,2023-08-29,3,30.89,0,0
c0083,2023-08-29,38,157.85,1,0
c0084,2023-08-29,18,115.9,1,0
c0085,2023-08-29,44,182.31,0,0
c0086,2023-08-29,2,45.07,1,0
c0087,2023-08-29,39,360.81,1,0
c0088,2023-08-29,46,176.73,0,1
c0089,2023-08-29,27,294.4,0,0
c0090,2023-08-29,18,172.63,0,0
c0091,2023-08-29,37,68.64,1,0
c0092,2023-08-29,11,429.17,1,0
c0093,2023-08-29,15,395.08,1,0
c0094,2023-08-29,48,195.77,0,0
c0095,2023-08-29,25,55.73,1,1
c0096,2023-08-29,47,491.45,0,1
c0097,2023-08-29,44,101.16,0,0
c0098,2023-08-29,27,17.31,1,1
c0099,2023-08-29,9,217.4,1,1
c0100,2023-08-29,38,58.8,1,0
c0101,2023-08-29,25,426.73,0,0
c0102,2023-08-29,40,336.91,1,1
c0103,2023-08-29,17,417.24,0,1
c0104,2023-08-29,29,499.43,1,0
c0105,2023-08-29,49,323.97,0,1
c0106,2023-08-29,49,89.93,1,0
c0107,2023-08-29,51,96.56,0,0
c0108,2023-08-29,6,70.65,1,1
c0109,2023-08-29,52,499.42,1,0
c0110,2023-08-29,59,28.21,1,0
c0111,2023-08-29,50,298.78,1,0
c0112,2023-08-29,11,284.82,1,0
c0113,2023-08-29,10,389.89,1,0
c0114,2023-08-29,55,294.29,1,0
c0115,2023-08-29,12,276.68,0,0
c0116,2023-08-29,9,422.29,1,0
c0117,2023-08-29,43,243.69,0,0
c0118,2023-08-29,9,144.75,0,0
c0119,2023-08-29,36,288.6,1,0
c0120,2023-08-29,35,304.03,1,0
c0121,2023-08-29,23,255.83,0,1
c0122,2023-08-29,41,427.49,1,1
c0123,2023-08-29,42,69.21,1,0
c0124,2023-08-29,30,489.73,1,0
c0125,2023-08-29,10,319.89,1,0
c0126,2023-08-29,52,472.8,1,0
c0127,2023-08-29,20,108.72,0,1
c0128,2023-08-29,53,178.27,1,0
c0129,2023-08-29,41,30.2,1,0
c0130,2023-08-29,46,361.0,0,1
c0131,2023-08-29,36,170.93,0,0
c0132,2023-08-29,42,477.9,1,1
c0133,2023-08-29,16,301.74,0,0
c0134,2023-08-29,52,434.56,0,0
c0135,2023-08-29,16,109.55,0,1
c0136,2023-08-29,42,388.97,0,1
c0137,2023-08-29,6,94.42,1,0
c0138,2023-08-29,11,160.83,0,0
c0139,2023-08-29,48,179.61,1,0
c0140,2023-08-29,15,229.52,0,0
c0141,2023-08-29,20,112.75,1,1
c0142,2023-08-29,13,300.93,1,0
c0143,2023-08-29,41,455.13,0,0
c0144,2023-08-29,40,355.31,0,0
c0145,2023-08-29,7,113.39,1,0
c0146,2023-08-29,56,410.01,1,1
c0147,2023-08-29,59,35.55,0,0
c0148,2023-08-29,4,425.52,0,0
c0149,2023-08-29,57,241.51,1,0
c0000,2023-09-28,36,184.69,0,1
c0001,2023-09-28,51,290.06,1,0
c0002,2023-09-28,2,80.63,1,0
c0003,2023-09-28,4,223.2,1,0
c0004,2023-09-28,18,431.41,0,0
c0005,2023-09-28,57,431.27,1,0
c0006,2023-09-28,49,457.67,0,1
c0007,2023-09-28,30,321.92,0,1
c0008,2023-09-28,30,132.02,0,0
c0009,2023-09-28,39,100.52,0,0
c0010,2023-09-28,52,102.09,0,0
c0011,2023-09-28,58,195.69,1,0
c0012,2023-09-28,33,416.21,0,1
c0013,2023-09-28,44,168.9,1,1
c0014,2023-09-28,42,180.44,1,0
c0015,2023-09-28,34,89.2,0,0
c0016,2023-09-28,20,370.53,0,0
c0017,2023-09-28,43,39.85,1,0
c0018,2023-09-28,54,25.86,0,0
c0019,2023-09-28,30,258.42,0,0
c0020,2023-09-28,43,464.21,0,0
c0021,2023-09-28,14,45.36,0,0
c0022,2023-09-28,48,301.36,0,0
c0023,2023-09-28,55,324.69,1,0
c0024,2023-09-28,5,409.98,1,0
c0025,2023-09-28,5,401.92,0,0
c0026,2023-09-28,28,447.59,1,0
c0027,2023-09-28,25,148.84,1,0
c0028,2023-09-28,36,325.36,0,0
c0029,2023-09-28,9,79.92,0,1
c0030,2023-09-28,45,165.88,0,0
c0031,2023-09-28,53,331.24,1,0
c0032,2023-09-28,47,329.55,1,1
c0033,2023-09-28,25,161.78,0,0
c0034,2023-09-28,26,369.93,1,0
c0035,2023-09-28,46,304.92,0,0
c0036,2023-09-28,39,496.05,0,1
c0037,2023-09-28,41,388.81,0,0
c0038,2023-09-28,20,325.78,0,0
c0039,2023-09-28,21,60.31,0,0
c0040,2023-09-28,45,466.91,1,0
c0041,2023-09-28,10,39.99,0,0
c0042,2023-09-28,11,144.58,1,0
c0043,2023-09-28,25,306.05,0,1
c0044,2023-09-28,14,65.85,0,0
c0045,2023-09-28,47,375.72,0,0
c0046,2023-09-28,15,290.44,0,1
c0047,2023-09-28,19,365.27,0,0
c0048,2023-09-28,46,116.23,1,0
c0049,2023-09-28,12,384.5,1,0
c0050,2023-09-28,11,128.89,1,0
c0051,2023-09-28,11,222.71,0,0
c0052,2023-09-28,37,48.25,0,0
c0053,2023-09-28,26,195.33,0,0
c0054,2023-09-28,20,37.19,0,0
c0055,2023-09-28,37,133.63,1,0
c0056,2023-09-28,55,364.62,0,1
c0057,2023-09-28,5,498.85,1,0
c0058,2023-09-28,58,297.02,0,0
c0059,2023-09-28,7,352.2,0,0
c0060,2023-09-28,27,67.94,1,1
c0061,2023-09-28,7,463.23,1,0
c0062,2023-09-28,11,109.53,1,1
c0063,2023-09-28,56,128.7,1,0
c0064,2023-09-28,56,284.01,0,0
c0065,2023-09-28,18,479.87,1,0
c0066,2023-09-28,18,65.09,1,1
c0067,2023-09-28,24,347.71,1,0
c0068,2023-09-28,58,93.4,1,0
c0069,2023-09-28,52,121.51,1,0
c0070,2023-09-28,37,49.15,0,0
c0071,2023-09-28,44,5.4,1,0
c0072,2023-09-28,3,479.29,1,0
c0073,2023-09-28,3,233.77,1,1
c0074,2023-09-28,1,48.02,0,0
c0075,2023-09-28,56,415.33,1,0
c0076,2023-09-28,11,447.81,1,0
c0077,2023-09-28,34,346.55,1,0
c0078,2023-09-28,39,43.01,1,0
c0079,2023-09-28,7,56.56,1,1
c0080,2023-09-28,5,44.65,1,1
c0081,2023-09-28,11,282.71,1,0
c0082,2023-09-28,18,37.24,1,0
c0083,2023-09-28,13,494.63,1,0
c0084,2023-09-28,59,164.05,1,0
c0085,2023-09-28,14,400.08,0,0
c0086,2023-09-28,36,498.79,1,0
c0087,2023-09-28,29,44.08,0,0
c0088,2023-09-28,14,19.66,1,0
c0089,2023-09-28,5,415.23,1,0
c0090,2023-09-28,27,58.99,0,1
c0091,2023-09-28,39,163.49,0,0
c0092,2023-09-28,41,471.49,0,0
c0093,2023-09-28,42,86.37,0,0
c0094,2023-09-28,41,167.54,0,0
c0095,2023-09-28,6,43.33,1,0
c0096,2023-09-28,38,98.13,1,0
c0097,2023-09-28,10,85.52,0,0
c0098,2023-09-28,26,431.8,1,0
c0099,2023-09-28,5,189.99,0,0
c0100,2023-09-28,55,339.05,1,0
c0101,2023-09-28,59,290.76,1,0
c0102,2023-09-28,51,114.03,1,0
c0103,2023-09-28,45,367.02,1,0
c0104,2023-09-28,45,201.96,1,0
c0105,2023-09-28,24,62.2,1,0
c0106,2023-09-28,51,441.2,1,0
c0107,2023-09-28,26,223.72,1,1
c0108,2023-09-28,48,290.79,1,1
c0109,2023-09-28,44,297.18,0,0
c0110,2023-09-28,23,150.41,0,1
c0111,2023-09-28,2,357.91,1,0
c0112,2023-09-28,6,456.54,1,0
c0113,2023-09-28,50,222.93,1,1
c0114,2023-09-28,9,402.23,1,0
c0115,2023-09-28,14,28.85,1,0
c0116,2023-09-28,49,51.62,0,0
c0117,2023-09-28,59,160.31,0,0
c0118,2023-09-28,53,185.41,0,0
c0119,2023-09-28,57,491.7,1,0
c0120,2023-09-28,45,318.14,0,0
c0121,2023-09-28,23,309.99,0,0
c0122,2023-09-28,42,15.69,1,0
c0123,2023-09-28,18,47.84,0,0
c0124,2023-09-28,15,250.97,1,1
c0125,2023-09-28,6,99.24,0,0
c0126,2023-09-28,31,421.64,1,1
c0127,2023-09-28,33,64.79,0,0
c0128,2023-09-28,14,382.6,1,0
c0129,2023-09-28,48,454.27,1,1
c0130,2023-09-28,21,207.89,1,0
c0131,2023-09-28,29,210.34,1,1
c0132,2023-09-28,49,253.29,1,0
c0133,2023-09-28,54,449.75,1,0
c0134,2023-09-28,56,88.86,0,0
c0135,2023-09-28,29,349.72,0,0
c0136,2023-09-28,11,480.54,0,0
c0137,2023-09-28,8,307.93,1,0
c0138,2023-09-28,37,274.01,0,0
c0139,2023-09-28,19,109.75,1,0
c0140,2023-09-28,16,348.86,1,0
c0141,2023-09-28,9,20.6,0,0
c0142,2023-09-28,55,407.77,0,0
c0143,2023-09-28,11,299.0,0,0
c0144,2023-09-28,47,30.75,1,0
c0145,2023-09-28,10,150.71,0,0
c0146,2023-09-28,6,319.77,1,0
c0147,2023-09-28,45,286.72,1,0
c0148,2023-09-28,14,475.43,0,1
c0149,2023-09-28,20,322.84,0,0
